{"cameraMode":{"drawMode":0,"name":"Shaded","section":"Shading Mode"},"sceneLighting":true,"audioPlay":false,"sceneViewState":{"m_AlwaysRefresh":false,"showFog":true,"showSkybox":false,"showFlares":true,"showImageEffects":true,"showParticleSystems":true,"showVisualEffectGraphs":true,"m_FxEnabled":true},"in2DMode":false,"pivot":{"x":303.6338195800781,"y":457.7112121582031,"z":-228.81236267089845},"rotation":{"x":-0.04046701267361641,"y":-0.03296700865030289,"z":-0.0013358694268390537,"w":0.9986374974250794},"size":360.7630920410156,"orthographic":true}