{"cameraMode":{"drawMode":0,"name":"Shaded","section":"Shading Mode"},"sceneLighting":true,"audioPlay":false,"sceneViewState":{"m_AlwaysRefresh":false,"showFog":true,"showSkybox":false,"showFlares":true,"showImageEffects":true,"showParticleSystems":true,"showVisualEffectGraphs":true,"m_FxEnabled":true},"in2DMode":false,"pivot":{"x":8.125371932983399,"y":0.09562325477600098,"z":-6.254352569580078},"rotation":{"x":0.021446330472826959,"y":-0.9233333468437195,"z":0.05212899670004845,"w":0.3798601031303406},"size":49.14851760864258,"orthographic":false}