{"cameraMode":{"drawMode":0,"name":"Shaded","section":"Shading Mode"},"sceneLighting":true,"audioPlay":false,"sceneViewState":{"m_AlwaysRefresh":false,"showFog":true,"showSkybox":false,"showFlares":true,"showImageEffects":true,"showParticleSystems":true,"showVisualEffectGraphs":true,"m_FxEnabled":true},"in2DMode":false,"pivot":{"x":1.0452276468276978,"y":1.017521619796753,"z":-2.039731740951538},"rotation":{"x":-0.01686377264559269,"y":-0.16955390572547913,"z":0.0028360793367028238,"w":-0.985409140586853},"size":1.0857661962509156,"orthographic":true}